{
  "version": 1,
  "author": "rabab zaroq",
  "editor": "wokwi",
  "parts": [
    { "type": "wokwi-breadboard-half", "id": "bb1", "top": 112.2, "left": 502, "attrs": {} },
    { "type": "board-esp32-devkit-c-v4", "id": "esp", "top": 220.8, "left": 100.84, "attrs": {} },
    { "type": "wokwi-potentiometer", "id": "pot1", "top": -78.1, "left": 835, "attrs": {} },
    {
      "type": "wokwi-buzzer",
      "id": "bz1",
      "top": 175.2,
      "left": 606.6,
      "attrs": { "volume": "0.1" }
    },
    {
      "type": "wokwi-photoresistor-sensor",
      "id": "ldr1",
      "top": 118.4,
      "left": 855.2,
      "attrs": {}
    },
    {
      "type": "wokwi-dht22",
      "id": "dht1",
      "top": -95.7,
      "left": 513,
      "attrs": { "temperature": "30.4", "humidity": "35.5" }
    },
    {
      "type": "wokwi-led",
      "id": "led1",
      "top": -77.6,
      "left": 231.8,
      "rotate": 270,
      "attrs": { "color": "red" }
    },
    {
      "type": "wokwi-led",
      "id": "led2",
      "top": 8.8,
      "left": 78.2,
      "rotate": 270,
      "attrs": { "color": "limegreen" }
    },
    {
      "type": "wokwi-resistor",
      "id": "r1",
      "top": -101.65,
      "left": 307.2,
      "attrs": { "value": "1000" }
    },
    {
      "type": "wokwi-resistor",
      "id": "r2",
      "top": -53.65,
      "left": 307.2,
      "attrs": { "value": "1000" }
    },
    { "type": "wokwi-relay-module", "id": "relay1", "top": 403.4, "left": 614.4, "attrs": {} },
    {
      "type": "wokwi-lcd2004",
      "id": "lcd2",
      "top": 227.2,
      "left": 1128.8,
      "attrs": { "pins": "i2c" }
    }
  ],
  "connections": [
    [ "esp:TX", "$serialMonitor:RX", "", [] ],
    [ "esp:RX", "$serialMonitor:TX", "", [] ],
    [ "esp:GND.2", "bb1:tn.1", "black", [ "v-9.6", "h211.2" ] ],
    [ "bb1:tp.1", "esp:3V3", "green", [ "v0.3", "h-209.6", "v0", "h-134.4", "v19.2" ] ],
    [ "dht1:VCC", "bb1:tp.2", "red", [ "v38.4", "h-9.6" ] ],
    [ "dht1:GND", "bb1:tn.16", "black", [ "v57.6", "h124.8", "v19.2" ] ],
    [ "dht1:SDA", "esp:4", "green", [ "v182.4", "h-182.3" ] ],
    [ "bz1:1", "bb1:tn.6", "green", [ "v9.6", "h-38.4" ] ],
    [ "ldr1:VCC", "bb1:tp.25", "red", [ "h9.6", "v-38.4" ] ],
    [ "ldr1:GND", "bb1:tn.24", "black", [ "h38.4", "v-77.2" ] ],
    [ "pot1:VCC", "bb1:tp.19", "red", [ "v57.6", "h37.6" ] ],
    [ "pot1:GND", "bb1:tn.21", "black", [ "v28.8", "h48" ] ],
    [ "pot1:SIG", "esp:34", "green", [ "v38.4", "h-346", "v86.4" ] ],
    [ "esp:19", "bb1:13b.j", "green", [ "h0" ] ],
    [ "relay1:VCC", "bb1:tp.3", "red", [ "h144", "v-240" ] ],
    [ "relay1:GND", "bb1:tn.5", "black", [ "h-19.2", "v-269.2" ] ],
    [ "led1:A", "r2:1", "green", [ "h38.4", "v9.6" ] ],
    [ "led1:C", "bb1:tn.11", "green", [ "h19.2", "v47.6", "h355.2", "v19.2" ] ],
    [ "led2:A", "r1:1", "green", [ "h42.8", "v10" ] ],
    [ "led2:C", "bb1:tn.10", "green", [ "h33.2", "v28.8", "h201.6", "v-57.6", "h115.2" ] ],
    [ "esp:2", "r1:2", "green", [ "h86.4", "v-345.6" ] ],
    [ "r2:2", "esp:15", "green", [ "v0", "h66", "v268.8" ] ],
    [ "lcd2:GND", "bb1:tn.22", "black", [ "h-38.4", "v96", "h-19.2" ] ],
    [ "lcd2:VCC", "bb1:tp.23", "red", [ "h-67.2", "v38.5" ] ],
    [ "lcd2:SDA", "esp:21", "green", [ "h-153.6", "v125", "h-595.2", "v-182.4" ] ],
    [ "esp:22", "lcd2:SCL", "green", [ "h86.4", "v220.8", "h672", "v-124.8" ] ],
    [ "ldr1:DO", "esp:33", "green", [ "h-28.8", "v345", "h-960", "v-144" ] ],
    [ "relay1:IN", "esp:27", "green", [ "h-355.2", "v9.4", "h-201.6", "v-76.8" ] ],
    [ "bz1:1", "bb1:12b.i", "", [ "$bb" ] ],
    [ "bz1:2", "bb1:13b.i", "", [ "$bb" ] ]
  ],
  "dependencies": {}
}